ID,FNAME,LNAME,DEPT_NAME
1,Donni,Coundley,Sales
2,Bruno,Maffione,Sales
3,Margaux,Glauber,Business Development
4,Margaux,Monaghan,Product Management
5,Moritz,Spur,Accounting
6,Tabby,Defraine,Engineering
7,Roda,McCurlye,Legal
8,Valaree,Ramsier,Sales
9,Sher,Mixter,Support
10,Christie,Rothert,Training
11,Hyacinth,Egdale,Engineering
12,Alfonse,Earthfield,Legal
13,Cris,Kneal,Sales
14,Ida,Huge,Legal
15,Cherye,Mazey,Accounting
16,Yalonda,Jizhaki,Marketing
17,Pauly,Vuitte,Services
18,Wash,Vigrass,Support
19,Giavani,Houndsom,Support
20,Rayna,Inglefield,Research and Development
21,Gustavo,Arnaudot,Accounting
22,Kelcey,Galgey,Product Management
23,Chiquia,Rickaert,Human Resources
24,Hi,Mussington,Legal
25,Mahala,Cord,Sales
26,Gordy,McGonigle,Marketing
27,Ardine,Frankcom,Sales
28,Abagael,Bawme,Training
29,Yancy,Everwin,Engineering
30,Karlotta,Kubicka,Marketing
31,Hy,Mathely,Accounting
32,Sergeant,O'Calleran,Support
33,Garrik,Cocklin,Support
34,Keith,Canacott,Legal
35,Cortney,Erskine,Marketing
36,Roanna,Yallop,Support
37,Aida,Simonassi,Business Development
38,Tallulah,Ubee,Legal
39,Booth,Karppi,Business Development
40,Ginevra,Litchmore,Legal
41,Cull,Pracy,Legal
42,Denney,Tocknell,Product Management
43,Kattie,Stabler,Product Management
44,Dodie,Sheridan,Services
45,Kimberli,Jaffa,Services
46,Carolann,Curson,Support
47,Stevana,Offer,Engineering
48,Costa,Hartzenberg,Marketing
49,Matthieu,Semonin,Training
50,Dwayne,Fenna,Marketing
51,Chrotoem,Fattorini,Sales
52,Christos,Broxis,Human Resources
53,Emerson,Tippell,Research and Development
54,Daveta,Daverin,Engineering
55,Kailey,Poupard,Research and Development
56,Ryun,Henmarsh,Training
57,Dugald,Rodwell,Product Management
58,Quillan,Sphinxe,Sales
59,Liana,Garatty,Product Management
60,Gilberte,Minet,Marketing
61,Lockwood,Crick,Legal
62,Valma,Skelbeck,Engineering
63,Tracey,Owlner,Legal
64,Loretta,Rockingham,Human Resources
65,Willard,Ruddell,Marketing
66,Lian,Dart,Marketing
67,Blanch,Almond,Engineering
68,Park,Bottelstone,Support
69,Aluino,Pickaver,Support
70,Onfre,Oxborrow,Accounting
71,Chester,Levet,Business Development
72,Bord,Nisuis,Legal
73,Enriqueta,Juschka,Engineering
74,Nalani,Aburrow,Engineering
75,Kirsten,Ulyet,Product Management
76,Pammy,Blancowe,Human Resources
77,Flss,Pateman,Product Management
78,Ermengarde,Sybe,Support
79,Nisse,Hibbart,Sales
80,Roseann,Spore,Sales
81,Jeniffer,Neiland,Legal
82,Jeffry,Alleway,Training
83,Benjy,Larvin,Human Resources
84,Dosi,Marchiso,Business Development
85,Brandy,Cardello,Accounting
86,Jo ann,Klousner,Accounting
87,Billy,Simmen,Engineering
88,Neal,Moxstead,Sales
89,Pablo,Andryushchenko,Accounting
90,Verge,Pedgrift,Product Management
91,Blaine,Horley,Business Development
92,Ardath,Gockeler,Accounting
93,Shannan,Rodnight,Legal
94,Anallese,Liggins,Services
95,Emory,Woofendell,Legal
96,Prent,Grimolbie,Accounting
97,Brand,Breakey,Legal
98,Mylo,Kampshell,Accounting
99,Almeda,Savile,Business Development
100,Coralyn,Fairbanks,Human Resources
